ID,Y1,Y2,Y3
0,1,1,1
1,1,1,1
2,0,0,0
3,1,1,1
4,1,1,0
5,1,0,1
6,0,0,1
7,0,0,1
8,1,0,1
9,1,0,1
10,1,1,1
11,0,0,0
12,0,0,1
13,0,0,0
14,1,0,1
15,1,1,0
16,0,0,1
17,0,0,0
18,0,0,0
19,1,1,1
20,1,0,1
21,1,1,0
22,1,1,0
23,0,0,1
24,0,0,1
25,0,0,0
26,0,0,0
27,1,0,1
28,1,1,1
29,0,0,0
30,1,0,1
31,1,1,0
32,1,0,0
33,1,1,1
34,0,0,1
35,1,1,0
36,1,0,1
37,1,1,0
38,1,0,1
39,1,1,0
40,0,0,1
41,1,0,0
42,0,0,0
43,0,0,0
44,1,0,1
45,0,0,1
46,1,0,0
47,0,0,1
48,0,0,1
49,0,0,1
50,0,0,1
51,1,0,1
52,1,1,0
53,1,1,0
54,0,0,1
55,1,0,1
56,0,0,0
57,1,0,0
58,0,0,0
59,1,0,0
60,1,0,0
61,1,1,1
62,1,0,1
63,1,0,1
64,0,0,0
65,1,0,1
66,0,0,0
67,1,1,0
68,1,1,1
69,1,0,1
70,1,1,0
71,1,1,0
72,0,0,0
73,1,1,0
74,1,0,1
75,0,0,1
76,0,0,0
77,0,0,0
78,1,1,1
79,0,0,1
80,0,1,0
81,1,0,1
82,0,0,1
83,0,0,1
84,1,1,0
85,1,1,0
86,1,0,0
87,0,0,1
88,1,1,1
89,1,1,0
90,1,1,1
91,0,0,0
92,0,0,1
93,1,1,1
94,1,0,0
95,1,0,0
96,1,1,0
97,1,0,1
98,0,0,0
99,1,0,1
100,0,0,1
101,0,0,1
102,1,1,0
103,0,0,0
104,1,0,1
105,1,0,1
106,0,0,1
107,0,0,1
108,0,0,1
109,1,0,0
110,0,0,1
111,1,0,1
112,1,1,0
113,0,0,1
114,0,0,0
115,1,0,1
116,0,0,1
117,1,0,0
118,0,0,1
119,1,0,1
120,0,0,1
121,1,0,1
122,1,1,0
123,1,0,0
124,1,1,0
125,0,0,1
126,0,0,1
127,0,0,0
128,1,0,1
129,0,0,1
130,1,1,0
131,1,0,1
132,1,0,0
133,0,0,1
134,1,0,1
135,0,0,1
136,1,0,1
137,1,1,0
138,1,1,1
139,1,1,0
140,0,0,1
141,0,0,1
142,1,0,1
143,1,0,1
144,0,0,0
145,1,0,1
146,0,0,0
147,1,0,1
148,0,0,1
149,1,0,1
150,1,0,1
151,1,1,1
152,0,1,1
153,1,0,0
154,1,0,1
155,1,0,0
156,1,1,1
157,0,0,1
158,1,1,1
159,0,0,0
160,0,1,1
161,1,1,0
162,0,0,0
163,0,0,1
164,1,1,1
165,1,1,1
166,1,1,1
167,0,0,0
168,1,0,0
169,1,0,1
170,1,1,1
171,0,0,0
172,1,0,0
173,0,0,1
174,1,0,1
175,0,0,0
176,1,0,1
177,1,1,1
178,0,0,1
179,1,1,0
180,1,1,1
181,0,0,1
182,1,0,1
183,1,0,0
184,1,1,1
185,1,0,1
186,1,1,1
187,1,0,0
188,1,1,0
189,0,1,1
190,0,0,1
191,1,1,1
192,0,0,1
193,0,0,0
194,0,0,1
195,0,0,1
196,1,1,0
197,1,1,1
198,1,1,1
199,1,1,0
200,1,1,0
201,0,0,1
202,0,0,1
203,1,0,1
204,1,1,1
205,1,1,1
206,0,0,1
207,0,0,0
208,1,0,1
209,1,0,1
210,0,0,1
211,1,0,1
212,1,1,0
213,1,1,0
214,1,0,1
215,1,0,1
216,1,1,1
217,0,0,0
218,0,1,0
219,0,0,0
220,1,0,1
221,1,0,0
222,1,1,0
223,1,1,0
224,1,1,0
225,1,0,1
226,0,0,1
227,1,1,0
228,1,1,0
229,0,0,1
230,1,1,0
231,0,0,0
232,1,0,1
233,1,0,1
234,1,1,1
235,0,0,1
236,1,1,0
237,1,1,1
238,1,0,1
239,1,0,0
240,0,0,1
241,1,1,0
242,0,0,0
243,0,0,0
244,1,0,1
245,0,0,0
246,0,1,0
247,0,0,0
248,0,0,0
249,0,0,0
250,0,0,0
251,1,1,0
252,0,0,0
253,1,1,1
254,0,0,1
255,1,1,0
256,1,0,1
257,0,0,0
258,1,0,0
259,1,0,1
260,0,0,0
261,1,0,1
262,0,0,1
263,0,0,1
264,1,0,0
265,1,0,1
266,1,0,0
267,0,0,1
268,1,1,0
269,1,1,0
270,1,0,0
271,1,0,0
272,1,0,0
273,0,0,1
274,1,1,0
275,0,0,0
276,1,1,0
277,0,0,1
278,1,0,0
279,0,0,1
280,1,1,1
281,0,0,0
282,1,0,0
283,1,1,1
284,1,0,1
285,0,0,0
286,1,1,1
287,1,1,1
288,1,1,0
289,0,0,0
290,1,1,0
291,1,0,0
292,0,0,0
293,1,0,0
294,1,0,0
295,1,1,0
296,0,0,1
297,1,0,1
298,1,0,0
299,1,1,1
300,0,0,0
301,1,0,0
302,0,0,0
303,1,1,1
304,1,1,0
305,1,0,0
306,0,0,1
307,1,0,1
308,0,0,0
309,1,1,1
310,1,0,0
311,1,0,1
312,0,0,1
313,1,1,0
314,1,1,0
315,0,0,0
316,1,1,0
317,1,1,1
318,0,0,1
319,1,1,0
320,1,0,1
321,1,1,1
322,0,0,1
323,1,0,0
324,1,1,0
325,1,0,1
326,0,0,1
327,1,1,0
328,1,0,1
329,0,0,0
330,1,1,1
331,1,1,1
332,0,0,0
333,0,0,0
334,0,0,1
335,0,0,1
336,1,0,1
337,1,1,1
338,1,0,0
339,0,0,1
340,1,1,0
341,1,0,1
342,0,0,0
343,1,1,1
344,0,0,1
345,0,0,1
346,0,0,1
347,1,0,1
348,1,1,1
349,0,0,0
350,0,0,1
351,0,0,0
352,1,0,0
353,0,0,0
354,1,0,0
355,0,0,1
356,1,0,0
357,1,1,0
358,1,1,1
359,1,1,1
360,0,0,0
361,1,1,0
362,1,1,1
363,1,0,1
364,1,1,1
365,1,1,0
366,1,1,1
367,0,0,0
368,1,0,1
369,1,0,1
370,1,0,0
371,1,0,1
372,1,0,1
373,1,0,1
374,1,1,1
375,0,0,0
376,0,0,1
377,0,0,0
378,1,1,0
379,0,0,0
380,1,0,0
381,1,0,1
382,0,0,1
383,0,0,1
384,1,0,1
385,0,0,1
386,0,0,1
387,0,0,1
388,1,0,1
389,0,0,0
390,1,0,1
391,1,1,1
392,1,1,1
393,1,1,1
394,1,1,1
395,0,0,1
396,0,0,1
397,1,1,1
398,1,0,1
399,1,0,0
400,1,0,0
401,0,0,0
402,0,0,1
403,1,0,1
404,1,0,1
405,1,1,1
406,0,0,0
407,1,1,0
408,0,0,1
409,1,1,0
410,0,1,1
411,1,1,1
412,1,0,1
413,1,0,1
414,1,0,1
415,1,1,0
416,0,0,1
417,1,0,1
418,0,0,1
419,0,0,1
420,0,0,1
421,0,0,1
422,1,1,1
423,0,0,0
424,0,0,1
425,0,0,0
426,1,1,0
427,0,0,0
428,1,1,1
429,1,1,1
430,1,0,0
431,0,0,0
432,1,0,0
433,0,0,1
434,1,1,1
435,1,1,0
436,1,1,1
437,0,0,1
438,0,0,0
439,1,0,1
440,0,0,1
441,1,1,1
442,1,1,0
443,1,1,0
444,1,1,0
445,1,0,0
446,1,1,0
447,0,0,1
448,1,0,0
449,0,0,1
450,0,0,0
451,1,1,0
452,1,0,0
453,1,0,1
454,1,1,0
455,1,0,1
456,0,0,0
457,0,0,1
458,1,1,1
459,1,1,1
460,1,0,0
461,0,0,0
462,1,0,1
463,0,0,0
464,1,0,1
465,1,0,1
466,1,0,0
467,1,0,0
468,1,0,1
469,0,0,1
470,1,0,1
471,1,0,0
472,1,1,1
473,0,0,0
474,0,0,1
475,1,0,0
476,1,0,1
477,0,0,1
478,1,1,0
479,1,1,1
480,1,1,0
481,1,1,1
482,1,1,1
483,0,0,1
484,1,0,0
485,1,1,1
486,0,0,1
487,0,0,0
488,0,0,1
489,1,1,1
490,1,1,1
491,1,0,1
492,1,0,1
493,1,1,0
494,1,0,1
495,0,0,1
496,1,1,1
497,1,0,1
498,1,0,1
499,0,0,1
500,1,1,0
501,0,0,0
502,0,0,1
503,1,1,0
504,1,0,0
505,1,0,0
506,0,0,0
507,1,0,0
508,1,1,0
509,1,0,0
510,0,0,1
511,0,0,0
512,0,1,1
513,0,0,0
514,1,1,1
515,0,0,1
516,0,0,1
517,0,0,1
518,0,0,1
519,1,1,0
520,0,0,1
521,1,0,0
522,0,0,1
523,1,1,0
524,1,1,1
525,1,0,1
526,1,0,1
527,1,0,0
528,1,1,0
529,1,0,0
530,1,1,0
531,1,1,1
532,0,0,1
533,1,1,0
534,1,0,0
535,0,0,1
536,1,0,1
537,1,1,1
538,1,1,0
539,0,0,1
540,1,0,0
541,1,0,1
542,0,0,1
543,1,0,0
544,1,1,1
545,0,0,1
546,0,0,1
547,1,1,0
548,1,1,0
549,0,0,1
550,1,0,0
551,1,1,0
552,1,0,1
553,0,0,1
554,0,0,1
555,1,0,1
556,1,1,1
557,0,1,1
558,1,0,0
559,1,1,1
560,1,0,0
561,0,0,1
562,1,1,1
563,1,1,0
564,1,0,1
565,0,0,0
566,0,0,1
567,1,0,0
568,1,0,1
569,1,0,0
570,0,0,1
571,0,0,0
572,1,1,1
573,0,0,1
574,1,1,0
575,1,1,0
576,0,0,1
577,1,1,1
578,1,0,0
579,1,0,1
580,1,0,0
581,0,0,1
582,0,0,1
583,1,0,1
584,1,0,1
585,1,0,1
586,1,1,0
587,1,1,1
588,1,1,1
589,0,0,1
590,0,0,1
591,0,0,1
592,0,0,1
593,1,0,1
594,1,0,1
595,1,0,0
596,1,0,1
597,1,1,0
598,1,1,0
599,0,0,0
600,1,1,0
601,1,0,0
602,1,0,0
603,1,1,1
604,0,0,1
605,1,0,1
606,1,0,0
607,0,0,1
608,0,0,1
609,1,0,1
610,0,0,1
611,1,0,1
612,1,0,1
613,1,0,1
614,1,0,0
615,1,0,1
616,1,1,0
617,1,0,0
618,1,0,0
619,0,0,0
620,1,1,0
621,1,1,1
622,0,0,1
623,1,0,1
624,0,0,1
625,1,1,0
626,1,0,1
627,1,0,1
628,1,0,0
629,1,1,1
630,0,0,0
631,0,0,1
632,1,0,0
633,1,1,0
634,1,0,1
635,0,0,1
636,1,0,0
637,1,0,0
638,0,0,1
639,1,0,1
640,0,1,0
641,1,0,0
642,1,0,1
643,0,0,1
644,0,0,0
645,0,0,0
646,1,0,1
647,1,1,0
648,0,0,0
649,1,1,1
650,1,0,0
651,1,0,1
652,1,1,0
653,1,1,1
654,1,0,0
655,1,0,1
656,1,1,1
657,0,0,0
658,1,1,0
659,1,1,1
660,0,0,1
661,0,0,0
662,1,1,1
663,1,0,0
664,0,0,0
665,0,0,0
666,1,0,1
667,1,1,0
668,1,0,1
669,1,1,0
670,1,1,0
671,1,0,0
672,0,0,1
673,1,0,0
674,0,0,1
675,1,0,0
676,0,0,0
677,1,0,0
678,0,0,1
679,0,0,0
680,0,0,0
681,1,0,1
682,1,0,1
683,0,0,1
684,1,0,0
685,1,0,0
686,0,0,0
687,1,1,0
688,1,1,0
689,1,1,0
690,1,1,1
691,1,1,1
692,1,0,0
693,1,1,1
694,0,0,1
695,1,1,0
696,0,0,0
697,0,0,1
698,0,0,0
699,1,0,1
700,1,0,1
701,0,0,1
702,1,1,0
703,0,0,1
704,0,0,0
705,1,0,0
706,1,1,0
707,1,0,0
708,1,0,0
709,0,0,0
710,1,0,1
711,1,1,1
712,1,0,1
713,0,0,1
714,1,1,1
715,1,0,1
716,0,0,1
717,0,0,1
718,1,0,1
719,1,1,0
720,1,1,0
721,1,0,1
722,1,0,0
723,0,0,1
724,1,0,0
725,0,0,1
726,1,1,1
727,1,0,0
728,1,0,0
729,1,0,1
730,0,0,1
731,1,0,1
732,1,1,0
733,1,1,1
734,1,1,1
735,1,1,1
736,1,0,0
737,1,1,0
738,1,1,0
739,1,0,0
740,0,0,0
741,1,1,1
742,1,0,0
743,0,0,0
744,1,0,0
745,1,1,1
746,1,1,0
747,1,1,0
748,1,0,0
749,0,0,1
750,0,0,1
751,1,1,0
752,1,1,0
753,1,1,1
754,1,0,0
755,1,0,1
756,0,0,1
757,0,0,1
758,1,0,1
759,1,1,0
760,1,1,1
761,0,0,1
762,0,0,1
763,1,0,1
764,0,0,1
765,0,0,1
766,0,0,0
767,1,1,1
768,0,0,1
769,1,1,1
770,1,0,1
771,1,1,1
772,0,0,1
773,1,0,1
774,0,0,0
775,1,0,1
776,0,0,0
777,1,1,0
778,0,0,1
779,1,1,0
780,0,1,1
781,1,0,0
782,1,1,1
783,0,0,1
784,1,0,0
785,1,0,1
786,0,0,1
787,0,0,0
788,0,0,1
789,1,1,1
790,0,0,1
791,1,0,1
792,1,1,0
793,1,0,0
794,1,0,0
795,0,0,0
796,1,1,1
797,1,1,1
798,1,0,1
799,1,0,1
800,0,0,0
801,0,0,0
802,1,1,1
803,1,1,0
804,0,0,1
805,1,1,0
806,1,0,1
807,0,0,1
808,0,0,0
809,0,0,0
810,0,0,1
811,1,1,0
812,1,0,1
813,1,0,1
814,1,1,1
815,0,0,0
816,1,0,0
817,1,0,1
818,0,0,1
819,1,0,1
820,0,0,0
821,0,0,1
822,1,1,1
823,1,1,1
824,0,0,1
825,1,1,1
826,1,0,1
827,0,0,1
828,1,0,0
829,0,0,1
830,1,1,1
831,1,0,0
832,0,0,1
833,0,0,0
834,1,1,1
835,1,1,0
836,0,0,0
837,0,0,1
838,0,0,1
839,1,0,0
840,1,1,0
841,0,0,0
842,1,0,0
843,1,0,1
844,0,0,1
845,1,0,1
846,0,0,1
847,1,0,1
848,1,0,0
849,0,0,1
850,0,0,1
851,1,0,0
852,1,1,1
853,1,0,1
854,1,0,1
855,1,1,0
856,0,0,1
857,1,0,0
858,0,0,0
859,1,0,1
860,1,0,1
861,0,0,0
862,0,0,1
863,1,1,0
864,1,0,1
865,1,0,1
866,1,0,1
867,0,0,1
868,1,1,1
869,0,0,1
870,1,1,0
871,1,1,0
872,1,1,0
873,1,1,1
874,1,0,1
875,0,0,1
876,1,0,1
877,1,1,1
878,1,1,0
879,1,0,0
880,1,0,1
881,0,0,0
882,1,1,0
883,1,0,1
884,0,0,0
885,1,1,0
886,0,0,1
887,1,1,0
888,0,0,0
889,1,0,1
890,1,0,1
891,0,0,1
892,0,0,0
893,0,0,1
894,0,0,0
895,1,0,1
896,1,1,1
897,1,0,1
898,1,1,0
899,1,1,1
900,1,1,0
901,1,0,0
902,0,0,0
903,1,1,1
904,1,1,0
905,1,0,1
906,0,0,1
907,1,0,0
908,0,0,0
909,1,0,1
910,1,1,1
911,1,1,0
912,1,1,1
913,0,0,1
914,1,0,1
915,0,0,0
916,1,0,1
917,1,0,1
918,1,0,1
919,1,0,0
920,1,1,0
921,1,1,1
922,1,0,0
923,0,0,1
924,1,1,1
925,0,0,1
926,1,1,0
927,1,0,1
928,0,0,0
929,0,1,1
930,0,0,1
931,1,0,1
932,1,1,1
933,0,0,0
934,1,0,1
935,1,0,1
936,0,0,1
937,1,0,0
938,1,1,0
939,1,0,0
940,1,1,1
941,1,0,0
942,1,0,0
943,1,0,1
944,0,0,1
945,1,0,0
946,1,1,1
947,0,0,0
948,1,1,0
949,1,1,1
950,0,0,1
951,0,0,0
952,1,1,0
953,1,1,0
954,1,1,0
955,1,0,1
956,1,0,0
957,0,0,1
958,1,0,1
959,1,1,0
960,0,0,0
961,1,0,0
962,1,1,0
963,0,0,1
964,1,0,1
965,1,0,0
966,1,1,1
967,1,0,0
968,1,0,1
969,1,1,1
970,1,1,1
971,1,1,0
972,1,1,1
973,0,0,0
974,1,0,0
975,0,0,1
976,1,1,1
977,0,0,0
978,0,0,0
979,1,0,1
980,1,0,1
981,1,1,1
982,1,0,0
983,1,0,1
984,1,0,0
985,1,0,1
986,0,0,1
987,0,0,1
988,0,0,0
989,1,0,0
990,1,1,0
991,1,1,0
992,0,0,1
993,1,0,1
994,1,1,1
995,0,0,0
996,0,0,0
997,1,1,0
998,1,1,0
999,1,1,0
1000,0,0,1
1001,1,0,1
1002,1,0,0
1003,1,1,1
1004,0,0,0
1005,0,0,0
1006,1,1,0
1007,0,0,1
1008,1,1,1
1009,0,0,0
1010,1,1,1
1011,0,0,0
1012,0,0,0
1013,0,0,0
1014,1,0,1
1015,1,0,0
1016,1,1,0
1017,1,1,0
1018,0,0,1
1019,0,0,1
1020,1,0,1
1021,1,0,1
1022,1,1,1
1023,1,0,0
1024,1,1,0
1025,1,0,1
1026,1,0,1
1027,0,0,0
1028,1,0,1
1029,0,0,1
1030,1,1,0
1031,1,0,0
1032,1,0,1
1033,1,0,0
1034,1,0,0
1035,1,0,1
1036,1,1,1
1037,0,0,1
1038,0,0,0
1039,0,0,1
1040,1,0,0
1041,1,1,0
1042,1,1,1
1043,1,0,1
1044,1,0,0
1045,1,0,1
1046,1,0,1
1047,1,0,1
1048,1,0,1
1049,0,0,1
1050,0,0,1
1051,1,1,0
1052,1,0,1
1053,1,0,1
1054,0,0,0
1055,1,1,0
1056,1,1,0
1057,0,0,0
1058,0,0,0
1059,1,0,0
1060,0,0,1
1061,1,0,1
1062,1,0,0
1063,1,0,1
1064,1,0,1
1065,1,0,1
1066,0,0,0
1067,1,0,1
1068,1,1,1
1069,1,0,1
1070,1,1,0
1071,0,0,0
1072,1,0,0
1073,0,0,0
1074,1,1,0
1075,0,0,1
1076,0,0,1
1077,0,0,1
1078,1,1,0
1079,0,0,1
1080,1,1,0
1081,1,0,1
1082,1,0,1
1083,1,0,1
1084,1,1,0
1085,0,0,1
1086,0,0,1
1087,1,0,1
1088,1,0,1
1089,0,0,1
1090,0,0,0
1091,1,0,1
1092,1,0,0
1093,1,0,1
1094,1,0,0
1095,1,1,1
1096,0,0,0
1097,1,0,0
1098,0,0,1
1099,1,1,0
1100,1,1,0
1101,0,0,1
1102,1,0,1
1103,1,1,1
1104,1,1,1
1105,1,1,1
1106,1,0,1
1107,1,0,0
1108,0,0,0
1109,1,1,1
1110,0,0,0
1111,0,0,1
1112,1,1,0
1113,1,0,1
1114,1,1,0
1115,1,1,1
1116,0,0,0
1117,1,0,1
1118,0,0,1
1119,1,1,0
1120,1,1,1
1121,0,0,1
1122,1,1,0
1123,1,0,1
1124,0,0,0
1125,0,0,1
1126,1,1,0
1127,1,1,0
1128,0,0,1
1129,1,0,1
1130,1,0,1
1131,1,0,0
1132,0,1,1
1133,1,1,0
1134,1,0,1
1135,1,0,0
1136,0,0,1
1137,1,1,1
1138,0,0,0
1139,1,0,0
1140,1,0,1
1141,0,0,1
1142,1,1,1
1143,1,1,0
1144,1,0,1
1145,1,0,1
1146,0,0,1
1147,1,1,0
1148,1,1,1
1149,0,0,1
1150,1,1,0
1151,1,1,0
1152,1,0,0
1153,1,0,0
1154,0,0,1
1155,1,0,1
1156,1,0,1
1157,1,0,0
1158,1,1,1
1159,1,0,1
1160,0,0,0
1161,1,0,1
1162,1,1,0
1163,1,1,0
1164,1,0,0
1165,0,0,1
1166,0,0,1
1167,1,1,1
1168,1,0,1
1169,0,0,0
1170,1,0,0
1171,1,1,1
1172,0,0,1
1173,1,0,1
1174,1,1,1
1175,1,0,0
1176,1,0,1
1177,0,0,1
1178,1,0,0
1179,0,0,0
1180,0,0,1
1181,1,1,1
1182,0,0,1
1183,1,1,0
1184,0,0,1
1185,1,1,0
1186,1,0,0
1187,1,1,1
1188,0,0,1
1189,0,0,1
1190,1,0,1
1191,1,1,0
1192,1,1,0
1193,1,1,0
1194,1,1,1
1195,0,0,1
1196,1,0,0
1197,1,0,1
1198,1,0,0
1199,1,0,0
1200,0,0,0
1201,0,0,1
1202,1,1,1
1203,1,1,1
1204,1,0,0
1205,0,0,0
1206,1,1,1
1207,1,1,0
1208,1,1,0
1209,1,0,1
1210,1,0,0
1211,0,0,1
1212,1,1,0
1213,0,0,0
1214,1,0,0
1215,0,0,1
1216,0,0,0
1217,1,0,0
1218,1,1,1
1219,0,0,1
1220,1,1,1
1221,0,0,0
1222,0,0,1
1223,1,1,0
1224,1,1,1
1225,1,1,1
1226,0,0,1
1227,1,0,1
1228,0,0,0
1229,0,0,1
1230,0,0,1
1231,1,1,1
1232,0,0,0
1233,0,0,1
1234,0,0,1
1235,0,0,1
1236,1,1,1
1237,1,0,1
1238,0,0,1
1239,1,0,0
1240,0,0,1
1241,1,0,0
1242,1,0,1
1243,1,0,1
1244,1,1,0
1245,1,1,1
1246,0,0,1
1247,1,1,0
1248,1,0,1
1249,1,1,0
1250,1,1,0
1251,1,1,0
1252,1,0,1
1253,0,0,1
1254,1,1,0
1255,0,0,1
1256,1,0,1
1257,0,0,1
1258,1,0,0
1259,0,0,0
1260,1,0,1
1261,0,0,0
1262,0,0,1
1263,1,1,0
1264,1,0,0
1265,1,1,0
1266,0,0,0
1267,1,0,0
1268,0,0,1
1269,0,0,1
1270,1,1,1
1271,0,0,1
1272,0,0,1
1273,1,1,0
1274,0,0,1
1275,1,0,0
1276,1,0,1
1277,0,0,1
1278,1,1,0
1279,1,0,1
1280,1,0,0
1281,0,0,1
1282,1,1,0
1283,1,0,1
1284,1,0,1
1285,0,0,0
1286,1,0,0
1287,0,0,1
1288,1,0,0
1289,1,0,0
1290,0,0,0
1291,1,1,1
1292,0,0,1
1293,0,0,0
1294,1,1,0
1295,1,1,1
1296,0,0,1
1297,0,0,1
1298,1,1,0
1299,0,0,1
1300,1,0,0
1301,0,0,1
1302,1,1,0
1303,1,1,0
1304,0,0,1
1305,0,0,1
1306,1,1,1
1307,0,0,1
1308,0,0,0
1309,1,0,1
1310,1,1,0
1311,1,0,1
1312,0,0,0
1313,1,0,1
1314,1,1,1
1315,1,1,1
1316,0,0,1
1317,0,0,1
1318,1,0,0
1319,1,1,1
1320,0,0,1
1321,1,0,1
1322,0,0,0
1323,1,1,1
1324,1,1,1
1325,0,0,0
1326,0,0,1
1327,1,0,0
1328,1,0,0
1329,0,0,0
1330,1,1,0
1331,0,0,0
1332,0,0,1
1333,1,1,0
1334,1,1,0
1335,0,0,0
1336,1,1,1
1337,0,0,1
1338,1,1,0
1339,0,0,1
1340,1,0,0
1341,1,0,0
1342,1,1,0
1343,1,1,1
1344,1,0,0
1345,0,0,1
1346,1,1,0
1347,1,1,1
1348,1,1,0
1349,1,0,1
1350,0,0,1
1351,1,0,0
1352,1,0,1
1353,1,1,1
1354,0,0,1
1355,1,1,0
1356,1,1,1
1357,0,0,0
1358,0,0,1
1359,1,0,0
1360,1,1,1
1361,1,0,1
1362,0,0,0
1363,1,0,1
1364,1,0,0
1365,1,1,0
1366,1,1,0
1367,1,1,0
1368,1,0,0
1369,1,1,1
1370,1,1,0
1371,0,0,1
1372,1,1,1
1373,1,1,0
1374,0,0,1
1375,0,0,0
1376,0,0,1
1377,1,1,0
1378,0,0,1
1379,1,1,1
1380,1,0,0
1381,1,1,0
1382,0,0,1
1383,0,0,0
1384,0,0,0
1385,1,0,1
1386,1,0,0
1387,1,1,0
1388,1,0,1
1389,0,0,0
1390,0,0,1
1391,1,0,1
1392,1,1,0
1393,0,0,1
1394,1,1,0
1395,1,0,1
1396,1,0,0
1397,0,0,1
1398,0,0,1
1399,1,1,1
1400,1,1,0
1401,1,0,0
1402,0,0,0
1403,1,1,0
1404,0,0,1
1405,1,0,0
1406,0,0,1
1407,1,0,1
1408,1,1,0
1409,1,0,1
1410,0,0,0
1411,1,0,0
1412,0,0,1
1413,0,0,0
1414,1,1,1
1415,0,0,0
1416,1,0,0
1417,0,0,1
1418,1,0,0
1419,1,0,0
1420,0,0,1
1421,1,0,1
1422,0,0,1
1423,1,0,0
1424,0,0,1
1425,1,0,1
1426,1,1,1
1427,1,1,1
1428,0,0,1
1429,1,0,0
1430,0,0,1
1431,1,0,1
1432,0,0,1
1433,0,0,0
1434,1,0,1
1435,1,1,0
1436,0,0,1
1437,0,0,0
1438,0,0,0
1439,0,0,1
1440,1,0,0
1441,0,0,1
1442,0,1,0
1443,1,1,0
1444,0,0,1
1445,0,0,1
1446,0,0,1
1447,1,0,0
1448,1,1,1
1449,1,0,1
1450,1,1,1
1451,1,1,1
1452,1,0,1
1453,0,0,0
1454,0,0,1
1455,1,0,0
1456,1,0,1
1457,0,0,0
1458,0,0,1
1459,1,0,0
1460,1,1,1
1461,1,0,0
1462,0,0,1
1463,0,0,1
1464,1,1,1
1465,1,1,1
1466,1,0,0
1467,0,0,1
1468,0,0,0
1469,1,0,0
1470,1,0,1
1471,0,0,1
1472,1,1,1
1473,0,0,1
1474,1,1,1
1475,0,0,1
1476,0,0,0
1477,1,0,0
1478,0,0,1
1479,0,0,0
1480,0,0,1
1481,0,0,1
1482,1,0,1
1483,0,0,1
1484,0,0,1
1485,1,0,1
1486,0,0,1
1487,0,0,1
1488,1,0,1
1489,0,0,0
1490,1,1,0
1491,1,1,1
1492,1,1,1
1493,1,0,1
1494,0,0,0
1495,1,1,0
1496,1,0,0
1497,0,0,1
1498,1,1,0
1499,1,0,0
1500,0,0,1
1501,0,0,0
1502,0,0,1
1503,1,1,1
1504,1,0,0
1505,0,0,0
1506,1,1,0
1507,0,0,1
1508,0,0,1
1509,0,0,1
1510,1,1,1
1511,1,1,1
1512,0,0,1
1513,1,0,1
1514,0,0,1
1515,1,0,0
1516,0,0,1
1517,1,0,1
1518,1,1,0
1519,1,1,1
1520,0,0,1
1521,0,0,1
1522,1,0,0
1523,0,0,1
1524,0,0,1
1525,1,0,0
1526,1,0,1
1527,1,0,1
1528,0,0,0
1529,1,1,1
1530,0,0,0
1531,1,1,0
1532,0,0,0
1533,1,0,0
1534,0,0,1
1535,1,1,0
1536,0,0,0
1537,1,0,0
1538,1,1,0
1539,1,0,1
1540,1,0,1
1541,0,0,1
1542,1,1,0
1543,0,0,1
1544,1,1,1
1545,1,1,0
1546,0,0,1
1547,0,0,0
1548,1,1,0
1549,1,0,0
1550,0,0,0
1551,0,0,1
1552,1,1,1
1553,1,0,0
1554,0,0,1
1555,0,0,0
1556,1,1,0
1557,1,1,1
1558,1,0,0
1559,0,0,1
1560,0,0,0
1561,1,1,0
1562,0,0,0
1563,1,0,0
1564,1,1,1
1565,1,1,0
1566,1,1,1
1567,0,0,1
1568,1,0,0
1569,1,1,0
1570,1,0,0
1571,1,0,0
1572,0,0,1
1573,1,1,1
1574,1,1,0
1575,1,1,1
1576,1,1,0
1577,1,1,1
1578,1,0,1
1579,1,0,0
1580,0,0,1
1581,1,0,1
1582,1,0,0
1583,0,0,1
1584,1,0,0
1585,1,0,1
1586,1,0,1
1587,1,0,0
1588,0,0,1
1589,1,1,0
1590,0,0,1
1591,0,0,0
1592,0,0,1
1593,1,0,1
1594,1,0,0
1595,0,0,0
1596,1,1,0
1597,1,1,1
1598,1,0,0
1599,1,0,1
1600,0,0,1
1601,1,1,0
1602,1,0,0
1603,1,1,1
1604,0,1,0
1605,0,0,0
1606,1,0,0
1607,0,0,0
1608,1,1,1
1609,1,1,0
1610,1,1,1
1611,1,1,1
1612,1,0,0
1613,1,1,0
1614,1,1,1
1615,0,0,0
1616,0,0,0
1617,1,1,1
1618,0,0,0
1619,1,1,0
1620,1,1,1
1621,1,0,1
1622,0,0,1
1623,1,0,1
1624,0,0,0
1625,0,0,1
1626,0,0,0
1627,1,0,1
1628,1,0,1
1629,1,0,0
1630,1,0,1
1631,1,1,0
1632,0,0,1
1633,1,0,0
1634,1,0,1
1635,1,0,0
1636,1,0,1
1637,0,0,1
1638,1,0,1
1639,1,1,1
1640,1,1,1
1641,1,1,0
1642,1,0,0
1643,0,0,1
1644,1,1,1
1645,1,0,0
1646,1,0,0
1647,1,0,1
1648,1,0,0
1649,1,0,1
1650,0,0,1
1651,1,0,1
1652,1,0,1
1653,1,1,1
1654,0,0,1
1655,0,0,0
1656,1,0,1
1657,1,0,0
1658,0,0,0
1659,1,0,1
1660,0,0,0
1661,0,0,1
1662,0,0,0
1663,1,1,1
1664,1,0,0
1665,1,0,0
1666,1,1,1
1667,1,0,1
1668,1,1,1
1669,0,0,1
1670,1,1,0
1671,0,0,1
1672,1,0,1
1673,0,0,1
1674,0,0,1
1675,1,0,1
1676,1,1,1
1677,1,1,1
1678,1,0,0
1679,1,0,1
1680,0,0,0
1681,1,0,0
1682,0,0,0
1683,0,0,0
1684,0,0,1
1685,1,0,0
1686,1,0,0
1687,1,1,0
1688,1,0,1
1689,0,0,0
1690,1,0,1
1691,0,0,1
1692,1,1,1
1693,1,0,1
1694,1,1,0
1695,1,1,1
1696,0,0,0
1697,0,0,1
1698,1,0,1
1699,1,1,1
1700,1,0,1
1701,1,0,1
1702,0,0,1
1703,1,0,1
1704,1,1,0
1705,1,1,0
1706,1,1,0
1707,1,1,0
1708,1,0,1
1709,0,0,0
1710,1,0,1
1711,0,0,1
1712,0,0,1
1713,0,0,1
1714,0,0,0
1715,1,1,1
1716,1,0,0
1717,0,0,1
1718,1,1,0
1719,1,0,1
1720,0,0,0
1721,1,0,0
1722,1,0,1
1723,1,0,0
1724,0,0,0
1725,1,1,1
1726,1,1,0
1727,1,1,1
1728,0,0,1
1729,1,1,1
1730,1,0,0
1731,1,0,1
1732,1,1,1
1733,1,0,1
1734,1,1,1
1735,1,1,1
1736,1,1,1
1737,1,1,1
1738,1,1,0
1739,1,1,1
1740,1,0,1
1741,0,0,1
1742,0,0,0
1743,1,0,1
1744,1,0,1
1745,1,0,1
1746,1,0,1
1747,1,1,0
1748,0,0,0
1749,1,0,1
1750,0,0,1
1751,0,0,0
1752,0,0,0
1753,1,1,0
1754,0,0,1
1755,0,0,1
1756,0,0,1
1757,1,1,0
1758,1,1,1
1759,0,0,1
1760,1,1,1
1761,0,0,1
1762,0,0,1
1763,1,0,1
1764,0,0,0
1765,1,1,0
1766,1,1,0
1767,1,1,0
1768,1,1,0
1769,0,0,1
1770,1,1,1
1771,1,1,1
1772,0,0,0
1773,0,0,1
1774,1,1,1
1775,1,1,0
1776,1,0,0
1777,0,0,1
1778,1,1,0
1779,0,0,0
1780,0,0,1
1781,0,0,1
1782,0,0,0
1783,0,0,0
1784,1,1,1
1785,0,0,0
1786,0,0,1
1787,0,0,1
1788,0,0,0
1789,1,1,0
1790,0,0,1
1791,1,1,0
1792,0,0,1
1793,1,0,1
1794,1,1,0
1795,1,1,1
1796,1,1,0
1797,1,0,0
1798,1,0,1
1799,1,0,0
1800,0,0,1
1801,0,0,0
1802,1,1,0
1803,1,0,1
1804,1,1,0
1805,0,0,0
1806,1,0,0
1807,0,0,0
1808,0,0,1
1809,1,1,1
1810,1,1,1
1811,1,0,1
1812,1,1,1
1813,0,0,1
1814,1,0,0
1815,1,1,0
1816,1,0,0
1817,0,0,0
1818,1,0,0
1819,0,0,1
1820,1,1,1
1821,0,0,0
1822,1,1,0
1823,1,0,0
1824,0,0,1
1825,1,0,0
1826,0,0,1
1827,0,0,1
1828,1,0,1
1829,1,0,0
1830,1,1,1
1831,1,0,1
1832,0,0,1
1833,0,0,0
1834,1,1,1
1835,1,0,0
1836,0,0,1
1837,1,0,0
1838,1,1,0
1839,0,0,1
1840,1,1,1
1841,0,0,0
1842,1,1,1
1843,0,0,1
1844,1,0,0
1845,0,0,0
1846,0,0,0
1847,0,0,1
1848,0,0,0
1849,0,0,0
1850,1,1,0
1851,1,1,0
1852,1,0,0
1853,1,1,0
1854,1,1,1
1855,1,1,0
1856,1,0,0
1857,1,0,0
1858,0,0,1
1859,1,0,0
1860,0,0,1
1861,1,0,0
1862,0,0,1
1863,1,1,1
1864,1,1,1
1865,1,0,1
1866,1,1,0
1867,1,0,1
1868,0,0,1
1869,1,0,0
1870,1,1,0
1871,1,1,0
1872,0,0,0
1873,1,0,1
1874,0,0,1
1875,1,1,0
1876,0,0,1
1877,1,0,0
1878,1,0,1
1879,0,0,1
1880,1,1,0
1881,0,0,1
1882,0,0,1
1883,0,0,1
1884,1,1,0
1885,1,0,1
1886,0,0,1
1887,0,0,1
1888,1,1,1
1889,1,0,1
1890,0,0,1
1891,1,1,1
1892,1,1,1
1893,0,0,1
1894,0,0,0
1895,1,1,1
1896,1,0,1
1897,0,0,1
1898,1,1,0
1899,0,0,1
1900,1,1,0
1901,1,1,0
1902,1,1,0
1903,0,0,0
1904,1,1,1
1905,1,1,0
1906,1,0,1
1907,1,0,0
1908,1,0,1
1909,0,0,0
1910,0,0,0
1911,0,0,1
1912,1,0,0
1913,1,1,0
1914,0,0,1
1915,0,0,1
1916,1,0,1
1917,1,0,0
1918,1,1,1
1919,1,0,0
1920,0,0,0
1921,1,0,0
1922,0,0,0
1923,1,0,0
1924,1,0,0
1925,1,0,0
1926,1,0,0
1927,0,1,1
1928,1,0,1
1929,1,0,0
1930,0,0,0
1931,1,1,1
1932,0,0,0
1933,1,0,1
1934,1,0,1
1935,0,0,0
1936,1,1,0
1937,0,0,1
1938,1,0,1
1939,0,0,0
1940,0,0,1
1941,0,0,1
